,total,blal,blac,bcac,bcal,"('statistic', 'pvalue')"
haircut,287.0,210.0,24.0,27.0,26.0,"(24.0, 0.887724827340783)"
makeup,386.0,306.0,26.0,24.0,30.0,"(26.0, 0.6888797607233395)"
beard,357.0,310.0,10.0,8.0,29.0,"(10.0, 0.0033778479119064286)"
drag,168.0,124.0,22.0,5.0,17.0,"(17.0, 0.5223973804968411)"
hairdoo,68.0,54.0,6.0,3.0,5.0,"(5.0, 1.0)"
glasses,26.0,20.0,4.0,1.0,1.0,"(1.0, 0.375)"
total,1292.0,1024.0,92.0,68.0,108.0,"(92.0, 0.2888204971747663)"
