,total,blal,blac,bcac,bcal,"('statistic', 'pvalue')"
haircut,287.0,91.0,51.0,102.0,43.0,"(43.0, 0.47049211489037085)"
makeup,386.0,140.0,65.0,115.0,66.0,"(65.0, 1.0)"
beard,357.0,106.0,69.0,136.0,46.0,"(46.0, 0.03975050512654258)"
drag,168.0,39.0,37.0,62.0,30.0,"(30.0, 0.46381761789686937)"
hairdoo,68.0,18.0,6.0,35.0,9.0,"(6.0, 0.6072387695312499)"
glasses,26.0,12.0,3.0,8.0,3.0,"(3.0, 1.0)"
total,1292.0,406.0,231.0,458.0,197.0,"(197.0, 0.11057922806690416)"
