,total,before liberal,before conservative,after liberal,after conservative,chi_squared
haircut,287.0,142.0,145.0,134.0,153.0,"(0.3419657620854003, 0.5586967386040109)"
makeup,386.0,205.0,181.0,206.0,180.0,"(0.0, 1.0)"
beard,357.0,175.0,182.0,152.0,205.0,"(2.7307683189910628, 0.09843192132463244)"
drag,168.0,76.0,92.0,69.0,99.0,"(0.4367575374616357, 0.5086916201104175)"
hairdoo,68.0,24.0,44.0,27.0,41.0,"(0.12549019607843137, 0.7231545670823014)"
glasses,26.0,15.0,11.0,15.0,11.0,"(0.0, 1.0)"
total,1292.0,637.0,655.0,603.0,689.0,"(1.68849366359447, 0.19379965652517878)"
