,accuracy on pol_dat_us,accuracy on pol_dat_ca,accuracy on pol_dat_uk,accuracy on pol_fb_us
model trained on pol_dat_us,65.41743454223025,61.57593635469741,61.173645191604884,66.46855153770667
model trained on pol_dat_ca,55.71693498846738,69.98450582521379,62.336848700010435,64.93084485919015
model trained on pol_dat_uk,58.89252060224626,64.50791096808796,66.89359924819881,64.7336555018608
model trained on pol_fb_us,62.28009782444916,62.46238193140849,61.39083220215099,68.39508230109797
