,accuracy on pol_dat_us,accuracy on pol_dat_ca,accuracy on pol_dat_uk,accuracy on pol_fb_us
model trained on pol_dat_us,60.29544374514645,54.36369595661631,54.96710869792211,62.129459904830675
model trained on pol_dat_ca,56.243147072800404,70.10071213611036,60.64947269499843,63.8412116499102
model trained on pol_dat_uk,58.80570719890586,62.45493280891511,67.18805471441996,63.73197059749302
model trained on pol_fb_us,61.386232715555714,59.40824170912666,59.87678813824788,68.00162935806995
